country,iso2,currency,ppp_factor_local_per_intl_usd,data_year,ppp_ratio_vs_india,certificate_inr_base,certificate_local_ppp_price,project_inr_base,project_local_ppp_price,comprehensive_inr_base,comprehensive_local_ppp_price
Zimbabwe,ZW,ZWL,0.029,2021,0.0014617745943575503,99,0.144716,199,0.290893,299,0.437071
Oman,OM,OMR,0.1819,2025,0.009168855128056496,99,0.907717,199,1.824602,299,2.741488
Kuwait,KW,KWD,0.1832,2025,0.00923438295470011,99,0.914204,199,1.837642,299,2.761081
Bahrain,BH,BHD,0.1835,2025,0.009249504760848636,99,0.915701,199,1.840651,299,2.765602
Jordan,JO,JOD,0.3183,2025,0.01604423632358649,99,1.588379,199,3.192803,299,4.797227
Kosovo,XK,EUR,0.3862,2022,0.019466805115202962,99,1.927214,199,3.873894,299,5.820575
Bulgaria,BG,BGN,0.4146,2025,0.02089833609726346,99,2.068935,199,4.158769,299,6.248602
Montenegro,ME,EUR,0.4389,2025,0.022123202395294094,99,2.190197,199,4.402517,299,6.614838
Ecuador,EC,USD,0.4415,2025,0.022254258048581325,99,2.203172,199,4.428597,299,6.654023
Timor-Leste,TL,USD,0.4456,2025,0.022460922732611185,99,2.223631,199,4.469724,299,6.715816
El Salvador,SV,USD,0.4688,2025,0.023630342408097225,99,2.339404,199,4.702438,299,7.065472
Panama,PA,PAB,0.4967,2025,0.025036670379910177,99,2.47863,199,4.982297,299,7.485964
Croatia,HR,EUR,0.5208,2025,0.0262514554738418,99,2.598894,199,5.22404,299,7.849185
Brunei Darussalam,BN,BND,0.527,2025,0.026563972800911342,99,2.629833,199,5.286231,299,7.942628
Liberia,LR,LRD,0.5335,2025,0.026891611934129412,99,2.66227,199,5.351431,299,8.040592
Azerbaijan,AZ,AZN,0.5429,2025,0.027365428526783243,99,2.709177,199,5.44572,299,8.182263
Lithuania,LT,EUR,0.5496,2025,0.02770314886410033,99,2.742612,199,5.512927,299,8.283242
Latvia,LV,EUR,0.5521,2025,0.027829163915338052,99,2.755087,199,5.538004,299,8.32092
Slovak Republic,SK,EUR,0.5657,2025,0.028514685794071244,99,2.822954,199,5.674422,299,8.525891
Portugal,PT,EUR,0.5747,2025,0.028968339978527036,99,2.867866,199,5.7647,299,8.661534
Greece,GR,EUR,0.5801,2025,0.02924053248920051,99,2.894813,199,5.818866,299,8.742919
Cyprus,CY,EUR,0.5923,2025,0.029855485939240586,99,2.955693,199,5.941242,299,8.92679
Slovenia,SI,EUR,0.5928,2025,0.02988068894948813,99,2.958188,199,5.946257,299,8.934326
Spain,ES,EUR,0.6079,2025,0.030641819858963956,99,3.03354,199,6.097722,299,9.161904
Malta,MT,EUR,0.6104,2025,0.03076783491020168,99,3.046016,199,6.122799,299,9.199583
Andorra,AD,EUR,0.6391,2021,0.0322144876984107,99,3.189234,199,6.410683,299,9.632132
Italy,IT,EUR,0.6448,2025,0.0325018020152327,99,3.217678,199,6.467859,299,9.718039
Estonia,EE,EUR,0.6717,2025,0.03385772396655057,99,3.351915,199,6.737687,299,10.123459
United Kingdom,GB,GBP,0.7015,2025,0.035359823377304186,99,3.500623,199,7.036605,299,10.572587
Germany,DE,EUR,0.7189,2025,0.03623688813391872,99,3.587452,199,7.211141,299,10.83483
France,FR,EUR,0.7325,2025,0.03692241001265192,99,3.655319,199,7.34756,299,11.039801
San Marino,SM,EUR,0.736,2025,0.03709883108438472,99,3.672784,199,7.382667,299,11.09255
Austria,AT,EUR,0.7504,2025,0.03782467777951398,99,3.744643,199,7.527111,299,11.309579
Netherlands,NL,EUR,0.7673,2025,0.038676539525880974,99,3.828977,199,7.696631,299,11.564285
Bosnia and Herzegovina,BA,BAM,0.769,2025,0.038762229760722626,99,3.837461,199,7.713684,299,11.589907
Belgium,BE,EUR,0.7718,2025,0.03890336661810887,99,3.851433,199,7.74177,299,11.632107
Finland,FI,EUR,0.802,2025,0.040425628437060525,99,4.002137,199,8.0447,299,12.087263
Belarus,BY,BYN,0.8486,2025,0.04277454899213162,99,4.23468,199,8.512135,299,12.78959
Luxembourg,LU,EUR,0.873,2025,0.04400445589221177,99,4.356441,199,8.756887,299,13.157332
Fiji,FJ,FJD,0.8894,2025,0.04483111462833121,99,4.43828,199,8.921392,299,13.404503
Ireland,IE,EUR,0.904,2025,0.0455670425275595,99,4.511137,199,9.067841,299,13.624546
Kiribati,KI,AUD,0.9344,2024,0.04709938555061017,99,4.662839,199,9.372778,299,14.082716
Tunisia,TN,TND,0.9803,2025,0.0494130218913347,99,4.891889,199,9.833191,299,14.774494
United States,US,USD,1.0,2025,0.05040602049508794,99,4.990196,199,10.030798,299,15.0714
Singapore,SG,SGD,1.0238,2025,0.05160568378287103,99,5.108963,199,10.269531,299,15.430099
Switzerland,CH,CHF,1.0655,2025,0.05370761483751619,99,5.317054,199,10.687815,299,16.058577
Georgia,GE,GEL,1.0875,2025,0.054816547288408124,99,5.426838,199,10.908493,299,16.390148
Belize,BZ,BZD,1.0876,2025,0.054821587890457636,99,5.427337,199,10.909496,299,16.391655
"Bahamas, The",BS,BSD,1.1068,2024,0.055789383483963326,99,5.523149,199,11.102087,299,16.681026
Canada,CA,CAD,1.2605,2025,0.06353678883405835,99,6.290142,199,12.643821,299,18.9975
Tuvalu,TV,AUD,1.2944,2021,0.06524555292884182,99,6.45931,199,12.983865,299,19.50842
Malaysia,MY,MYR,1.4306,2025,0.0721108529202728,99,7.138974,199,14.35006,299,21.561145
Australia,AU,AUD,1.4646,2025,0.07382465761710579,99,7.308641,199,14.691107,299,22.073573
New Zealand,NZ,NZD,1.5291,2025,0.07707584593903896,99,7.630509,199,15.338093,299,23.045678
Dominica,DM,XCD,1.558,2025,0.078532579931347,99,7.774725,199,15.627983,299,23.481241
Turkmenistan,TM,TMT,1.5722,2021,0.07924834542237726,99,7.845586,199,15.770421,299,23.695255
St. Lucia,LC,XCD,1.5947,2025,0.08038248088351674,99,7.957866,199,15.996114,299,24.034362
Grenada,GD,XCD,1.668,2025,0.08407724218580667,99,8.323647,199,16.731371,299,25.139095
St. Vincent and the Grenadines,VC,XCD,1.6781,2025,0.08458634299280707,99,8.374048,199,16.832682,299,25.291317
Libya,LY,LYD,1.7925,2025,0.09035279173744512,99,8.944926,199,17.980206,299,27.015485
Saudi Arabia,SA,SAR,1.8711,2025,0.09431470494835904,99,9.337156,199,18.768626,299,28.200097
Tonga,TO,TOP,1.8769,2025,0.09460705986723054,99,9.366099,199,18.826805,299,28.287511
Samoa,WS,WST,1.8817,2025,0.09484900876560697,99,9.390052,199,18.874953,299,28.359854
Peru,PE,PEN,1.927,2025,0.09713240149403446,99,9.616108,199,19.329348,299,29.042588
Poland,PL,PLN,2.0632,2025,0.10399770148546544,99,10.295772,199,20.695543,299,31.095313
St. Kitts and Nevis,KN,XCD,2.1461,2023,0.10817636058450823,99,10.70946,199,21.527096,299,32.344732
Romania,RO,RON,2.1805,2025,0.10991032768953923,99,10.881122,199,21.872155,299,32.863188
Antigua and Barbuda,AG,XCD,2.1915,2025,0.11046479391498522,99,10.936015,199,21.982494,299,33.028973
United Arab Emirates,AE,AED,2.527,2025,0.12737601379108723,99,12.610225,199,25.347827,299,38.085428
Brazil,BR,BRL,2.5815,2025,0.1301231419080695,99,12.882191,199,25.894505,299,38.906819
Barbados,BB,BBD,2.6373,2021,0.13293579785169543,99,13.160644,199,26.454224,299,39.747804
Bolivia,BO,BOB,2.6992,2025,0.13605593052034134,99,13.469537,199,27.07513,299,40.680723
Qatar,QA,QAR,2.7555,2024,0.13889378947421482,99,13.750485,199,27.639864,299,41.529243
Papua New Guinea,PG,PGK,2.7619,2025,0.13921638800538336,99,13.782422,199,27.704061,299,41.6257
Tajikistan,TJ,TJS,3.2183,2021,0.1622216957593415,99,16.059948,199,32.282117,299,48.504287
Guatemala,GT,GTQ,3.4322,2025,0.17300354354324082,99,17.127351,199,34.427705,299,51.72806
China,CN,CNY,3.4596,2025,0.17438466850480622,99,17.264082,199,34.702549,299,52.141016
Israel,IL,ILS,3.6558,2025,0.1842743297259425,99,18.243159,199,36.670592,299,55.098025
Trinidad and Tobago,TT,TTD,3.8409,2025,0.19360448411958325,99,19.166844,199,38.527292,299,57.887741
Morocco,MA,MAD,3.9596,2025,0.1995876787523502,99,19.75918,199,39.717948,299,59.676716
Eritrea,ER,ERN,5.1967,2021,0.2619449667068235,99,25.932552,199,52.127048,299,78.321545
Ghana,GH,GHS,5.25,2025,0.26463160759921167,99,26.198529,199,52.66169,299,79.124851
Botswana,BW,BWP,5.3107,2025,0.26769125304326347,99,26.501434,199,53.270559,299,80.039685
Eswatini,SZ,SZL,6.189,2021,0.31196286084409924,99,30.884323,199,62.080609,299,93.276895
Lesotho,LS,LSL,6.233,2025,0.31418072574588307,99,31.103892,199,62.521964,299,93.940037
Denmark,DK,DKK,6.9217,2025,0.3488953520608502,99,34.54064,199,69.430175,299,104.31971
Sierra Leone,SL,SLE,6.9256,2025,0.349091935540781,99,34.560102,199,69.469295,299,104.378489
Namibia,NA,NAD,7.3792,2025,0.3719561064373529,99,36.823655,199,74.019265,299,111.214876
Solomon Islands,SB,SBD,7.6478,2025,0.38549516354233354,99,38.164021,199,76.713538,299,115.263054
"Egypt, Arab Rep.",EG,EGP,7.7218,2025,0.38922520905897,99,38.533296,199,77.455817,299,116.378338
South Africa,ZA,ZAR,7.74,2025,0.39014259863198064,99,38.624117,199,77.638377,299,116.652637
Zambia,ZM,ZMW,8.3925,2025,0.4230325270050255,99,41.88022,199,84.183473,299,126.486726
Seychelles,SC,SCR,8.4503,2025,0.4259459949896416,99,42.168654,199,84.763253,299,127.357853
Moldova,MD,MDL,8.7729,2025,0.44220697720135693,99,43.778491,199,87.999188,299,132.219886
Sweden,SE,SEK,8.889,2025,0.44805911618083666,99,44.357853,199,89.163764,299,133.969676
Maldives,MV,MVR,9.5743,2025,0.4826023620261204,99,47.777634,199,96.03787,299,144.298106
Norway,NO,NOK,10.0013,2025,0.504125732777523,99,49.908448,199,100.321021,299,150.733594
Thailand,TH,THB,10.6063,2025,0.5346213751770511,99,52.927516,199,106.389654,299,159.851791
Mexico,MX,MXN,11.3088,2025,0.5700316045748505,99,56.433129,199,113.436289,299,170.43945
Ukraine,UA,UAH,11.8646,2025,0.5980472707660203,99,59.20668,199,119.011407,299,178.816134
Mauritania,MR,MRU,12.1923,2025,0.6145653236822606,99,60.841967,199,122.298499,299,183.755032
Honduras,HN,HNL,12.617,2025,0.6359727605865245,99,62.961303,199,126.558579,299,190.155855
Nicaragua,NI,NIO,13.5338,2025,0.682185000176421,99,67.536315,199,135.754815,299,203.973315
Afghanistan,AF,AFN,13.988,2024,0.70507941468529,99,69.802862,199,140.310804,299,210.818745
Czechia,CZ,CZK,14.6577,2025,0.7388363266108504,99,73.144796,199,147.028429,299,220.912062
Sao Tome and Principe,ST,STN,14.6989,2025,0.740913054655248,99,73.350392,199,147.441698,299,221.533003
Suriname,SR,SRD,15.6296,2025,0.7878259379300264,99,77.994768,199,156.777362,299,235.559955
Turkiye,TR,TRY,17.7444,2025,0.8944245900730383,99,88.548034,199,177.990493,299,267.432952
"Gambia, The",GM,GMD,19.3888,2024,0.977312250175161,99,96.753913,199,194.485138,299,292.216363
India,IN,INR,19.8389,2025,1.0,99,99.0,199,199.0,299,299.0
Mauritius,MU,MUR,20.1055,2025,1.0134382450639905,99,100.330386,199,201.674211,299,303.018035
Philippines,PH,PHP,20.5335,2025,1.0350120218358883,99,102.46619,199,205.967392,299,309.468595
Bhutan,BT,BTN,21.0523,2025,1.0611626652687398,99,105.055104,199,211.17137,299,317.287637
North Macedonia,MK,MKD,22.3925,2025,1.1287168139362564,99,111.742965,199,224.614646,299,337.486327
Dominican Republic,DO,DOP,23.8085,2025,1.2000917389573011,99,118.809082,199,238.818256,299,358.82743
Mozambique,MZ,MZN,25.4989,2025,1.2852980760021977,99,127.24451,199,255.774317,299,384.304125
Ethiopia,ET,ETB,27.0057,2025,1.3612498676841964,99,134.763737,199,270.888724,299,407.01371
Kyrgyz Republic,KG,KGS,29.3216,2025,1.4779851705487705,99,146.320532,199,294.119049,299,441.917566
Uruguay,UY,UYU,29.8551,2025,1.5048767824829,99,148.982801,199,299.47048,299,449.958158
Russian Federation,RU,RUB,30.7532,2025,1.5501464294895384,99,153.464497,199,308.479139,299,463.493782
Bangladesh,BD,BDT,34.9406,2025,1.7612165997106697,99,174.360443,199,350.482103,299,526.603763
Nepal,NP,NPR,35.2703,2025,1.7778354646679,99,176.005711,199,353.789257,299,531.572804
Algeria,DZ,DZD,41.7362,2025,2.103755752587089,99,208.27182,199,418.647395,299,629.02297
Argentina,AR,ARS,42.9862,2021,2.166763278205949,99,214.509565,199,431.185892,299,647.86222
Kenya,KE,KES,44.9843,2025,2.2674795477571843,99,224.480475,199,451.22843,299,677.976385
Albania,AL,ALL,47.1177,2025,2.375015751881405,99,235.126559,199,472.628135,299,710.12971
Serbia,RS,RSD,52.9297,2025,2.667975542998856,99,264.129579,199,530.927133,299,797.724687
Cabo Verde,CV,CVE,52.9795,2025,2.6704857628195113,99,264.378091,199,531.426667,299,798.475243
Pakistan,PK,PKR,65.3961,2025,3.2963571568988206,99,326.339359,199,655.975074,299,985.61079
Sri Lanka,LK,LKR,81.1323,2025,4.089556376613623,99,404.866081,199,813.821719,299,1222.777357
Djibouti,DJ,DJF,88.5486,2025,4.463382546411343,99,441.874872,199,888.213127,299,1334.551381
Guyana,GY,GYD,97.805,2025,4.929960834522076,99,488.066123,199,981.062206,299,1474.05829
Jamaica,JM,JMD,98.2417,2025,4.95197314367228,99,490.245341,199,985.442656,299,1480.63997
Japan,JP,JPY,103.3366,2025,5.208786777492704,99,515.669891,199,1036.548569,299,1557.427246
Vanuatu,VU,VUV,122.2382,2025,6.161541214482659,99,609.99258,199,1226.146702,299,1842.300823
Haiti,HT,HTG,133.5326,2025,6.73084697236238,99,666.35385,199,1339.438548,299,2012.523245
South Sudan,SS,SSP,158.0521,2021,7.9667773918916875,99,788.710962,199,1585.388701,299,2382.06644
Armenia,AM,AMD,158.5297,2025,7.990851307280142,99,791.094279,199,1590.17941,299,2389.264541
Iceland,IS,ISK,166.5989,2025,8.397587567859105,99,831.361169,199,1671.119926,299,2510.878683
Kazakhstan,KZ,KZT,190.9828,2025,9.626682931009281,99,953.04161,199,1915.709903,299,2878.378196
Burkina Faso,BF,XOF,193.1073,2025,9.733770521551095,99,963.643282,199,1937.020334,299,2910.397386
Mali,ML,XOF,193.4488,2025,9.750984177550167,99,965.347434,199,1940.445851,299,2915.544269
Benin,BJ,XOF,196.1809,2025,9.888698466144797,99,978.981148,199,1967.850995,299,2956.720841
Niger,NE,XOF,199.58,2025,10.06003357040965,99,995.943323,199,2001.946681,299,3007.950038
Hungary,HU,HUF,204.5407,2025,10.310082716279632,99,1020.698189,199,2051.706461,299,3082.714732
Cameroon,CM,XAF,209.0084,2025,10.535281694045537,99,1042.992888,199,2096.521057,299,3150.049227
Togo,TG,XOF,218.3907,2025,11.0082061001366,99,1089.812404,199,2190.633014,299,3291.453624
Chad,TD,XAF,222.761,2025,11.228495531506283,99,1111.621058,199,2234.470611,299,3357.320164
Sudan,SD,SDG,224.2835,2022,11.305238697710056,99,1119.218631,199,2249.742501,299,3380.266371
Guinea-Bissau,GW,XOF,224.8539,2025,11.333990291800454,99,1122.065039,199,2255.464068,299,3388.863097
Senegal,SN,XOF,226.5143,2025,11.417684448230498,99,1130.35076,199,2272.119205,299,3413.88765
Cote d'Ivoire,CI,XOF,228.257,2025,11.505527020147287,99,1139.047175,199,2289.599877,299,3440.152579
"Congo, Rep.",CG,XAF,231.2654,2025,11.65716849220471,99,1154.059681,199,2319.77653,299,3485.493379
Comoros,KM,KMF,253.732,2025,12.789620392259652,99,1266.172419,199,2545.134458,299,3824.096497
Central African Republic,CF,XAF,259.0147,2025,13.055900276729053,99,1292.534127,199,2598.124155,299,3903.714183
Equatorial Guinea,GQ,XAF,275.6791,2024,13.895886364667398,99,1375.69275,199,2765.281387,299,4154.870023
Gabon,GA,XAF,280.85,2025,14.156530856045448,99,1401.496555,199,2817.14964,299,4232.802726
Costa Rica,CR,CRC,314.5387,2025,15.854644158698315,99,1569.609772,199,3155.074188,299,4740.538603
Nigeria,NG,NGN,318.0596,2025,16.032118716259472,99,1587.179753,199,3190.391625,299,4793.603496
Angola,AO,AOA,364.1027,2025,18.352968158516855,99,1816.943848,199,3652.240664,299,5487.537479
Rwanda,RW,RWF,372.7081,2025,18.786732127285283,99,1859.886481,199,3738.559693,299,5617.232906
Chile,CL,CLP,486.8784,2025,24.541602609015623,99,2429.618658,199,4883.778919,299,7337.93918
Myanmar,MM,MMK,499.6977,2021,25.187772507548303,99,2493.589478,199,5012.366729,299,7531.14398
Syrian Arab Republic,SY,SYP,506.8637,2021,25.548982050416104,99,2529.349223,199,5084.247428,299,7639.145633
Iraq,IQ,IQD,545.9864,2025,27.52100166843928,99,2724.579165,199,5476.679332,299,8228.779499
Malawi,MW,MWK,627.1674,2025,31.613012818251015,99,3129.688269,199,6290.989551,299,9452.290833
Tanzania,TZ,TZS,661.4956,2025,33.34336077101049,99,3300.992716,199,6635.328793,299,9969.664871
"Korea, Rep.",KR,KRW,880.1254,2025,44.36361895064747,99,4391.998276,199,8828.360171,299,13264.722066
"Congo, Dem. Rep.",CD,CDF,928.6025,2021,46.80715664678989,99,4633.908508,199,9314.624173,299,13995.339837
Mongolia,MN,MNT,1180.7249,2025,59.51564350846065,99,5892.048707,199,11843.613058,299,17795.177409
Madagascar,MG,MGA,1315.3847,2025,66.3033081471251,99,6564.027507,199,13194.358321,299,19824.689136
Uganda,UG,UGX,1337.1101,2025,67.39839910478908,99,6672.441511,199,13412.281422,299,20152.121332
Burundi,BI,BIF,1344.6411,2025,67.7780068451376,99,6710.022678,199,13487.823362,299,20265.624047
Cambodia,KH,KHR,1472.8013,2025,74.23805251299216,99,7349.567199,199,14773.37245,299,22197.177701
Colombia,CO,COP,1665.593,2025,83.955914894475,99,8311.635575,199,16707.227064,299,25102.818553
Paraguay,PY,PYG,2874.5596,2025,144.8951101119518,99,14344.615901,199,28834.126912,299,43323.637923
Uzbekistan,UZ,UZS,3573.2764,2025,180.11464345301405,99,17831.349702,199,35842.814047,299,53854.278392
Guinea,GN,GNF,3613.3645,2025,182.1353250432232,99,18031.397179,199,36244.929684,299,54458.462188
Indonesia,ID,IDR,5065.969,2025,255.35533724148013,99,25280.178387,199,50815.712111,299,76351.245835
Lao PDR,LA,LAK,5870.1105,2025,295.8889101714309,99,29293.002107,199,58881.893124,299,88470.784141
Viet Nam,VN,VND,7203.3696,2025,363.0931956912934,99,35946.226373,199,72255.545943,299,108564.865512
"Somalia, Fed. Rep.",SO,SOS,10392.249,2021,523.8319160840571,99,51859.359692,199,104242.551301,299,156625.742909
Lebanon,LB,LBP,58470.1387,2025,2947.2470096628344,99,291777.453957,199,586502.154923,299,881226.855889
"Iran, Islamic Rep.",IR,IRR,157796.0485,2025,7953.870854734891,99,787433.214619,199,1582820.300092,299,2378207.385566
